col_names,unique_values
Replacement_Case,"[' ', '1']"
SUID_numeric,"[40448470, 40448490, 40448680, 40448810, 40448850, 40449110, 40449620, 40449690, 40450090, 40450120, 40450210, 40450870, 40451060, 40451110, 40451680, 40452340, 40452490, 40452690, 40453010, 40453190, 40453210, 40453220, 40453420, 40453520, 40453600, 40453660, 40453690, 40453740, 40454060, 40454220, 40454460, 40454540, 40455140, 40455150, 40456090, 40456110, 40456510, 40456520, 40456740, 40456810, 40458010, 40458020, 40458040, 40458300, 40458560, 40458590, 40458920, 40459510, 40459530, 40459940, 40460570, 40461030, 40461200, 40461450, 40461600, 40461780, 40461940, 40462200, 40462440, 40463150, 40463280, 40463390, 40463400, 40464230, 40464390, 40464460, 40464510, 40464630, 40464770, 40465170, 40465230, 40465250, 40465280, 40465460, 40467180, 40467250, 40467580, 40467890, 40468220, 40468350, 40468360, 40468460, 40468780, 40469320, 40469350, 40469400, 40470000, 40470090, 40470120, 40470180, 40470460, 40470780, 40470950, 40471120, 40471190, 40471240, 40471300, 40471690, 40471890, 40472200, 40472220, 40472250, 40472490, 40473590, 40473660, 40473800, 40473990, 40474110, 40474140, 40474240, 40474470, 40474630, 40475320, 40475420, 40475600, 40475830, 40476010, 40476300, 40476350, 40476460, 40476470, 40476690, 40476980, 40477040, 40477110, 40477270, 40477820, 40478080, 40478240, 40478350, 40478510, 40478590, 40478940, 40479120, 40479280, 40479340, 40479420, 40479440, 40479620, 40479760, 40479820, 40479850, 40479860, 40479910, 40479920, 40480120, 40480270, 40480410, 40480550, 40481760, 40481990, 40482420, 40482730, 40482970, 40483180, 40483690, 40484360, 40484840, 40484890, 40485340, 40485410, 40485680, 40485830, 40485870, 40486590, 40486780, 40486990, 40487170, 40487640, 40488210, 40488340, 40488400, 40488560, 40488770, 40489950, 40489980, 40490080, 40490280, 40490360, 40490790, 40490800, 40490880, 40491090, 40491370, 40491720, 40491730, 40492040, 40492340, 40492470, 40492690, 40492750, 40493250, 40494380, 40494660, 40494900, 40495340, 40495700, 40495970, 40496110, 40496120, 40496540, 40496690, 40496810, 40497470, 40497550, 40497840, 40497960, 80800001, 80800005, 80800006, 80800007, 80800008, 80800009, 80800010, 80800011, 80800012, 80800013]"
BGR_ID,"[45050010, 450006, 650029, 4850020, 18850003, 12450028, 19050004, 19050007, 12850038, 29050005, 3850022, 29050006, 22450043, 31050003, 29050001, 2750007, 13950011, 20550054, 18450038, 45050009, 34050001, 5050001, 15850011, 13650021, 15850014, 21150040, 20950011, 34050003, 45050014, 33050001, 18050036, 7950004, 3950015, 46050002, 14050002, 8250002, 2150048, 2050003, 18850004, 39050001, 35050002, 10650004, 17050003, 17650024, 7750009, 10650006, 450007, 34050007, 19050010, 19050002, 19050001, 4850021, 19050003, 7550017, 1550028, 34050006, 4250030, 20850003, 20050002, 9950010, 45050012, 2050002, 45050017, 2050038, 34050009, 18350029, 19050006, 18050006, 17850020, 29050003, 9450003, 2750010, 41050008, 31050001, 13950009, 11050001, 21650045, 22550050, 13350040, 22250020, 2050006, 4250032, 17650026, 21550024, 26050001, 5950003, 2750011, 16050008, 20750017, 8050002, 36050003, 1250023, 1850044, 51050002, 29050002, 21050001, 25050005, 12450026, 18050001, 4850018, 46050001, 25050002, 31050006, 17550044, 5950005, 2050004, 2050001, 13650020, 7950007, 23050001, 45050013, 21550023, 36050001, 10250010, 19050008, 3950013, 45050015, 16050005, 1050001, 15850013, 12550047, 9450004, 39050002, 17850018, 3850023, 20050004, 34050008, 13250032, 29050011, 22650009, 9050002, 41050005, 20450037, 20050003, 12450029, 13250034, 13250033, 45050006, 2950015, 20250005, 2150051, 25050001, 41050002, 51050001, 2050039, 7950003, 11050012, 18050003, 29050008, 14050001, 1550027, 21750053, 29050010, 22750010, 20650035, 35050001, 22250021, 22150023, 20850004, 10650008, 24050002, 17150003, 2050005, 34050002, 45050016, 650033, 45050005, 25050006, 25050008, 41050001, 21350003, 37050001, 4250033, 29050016, 6050006, 3950014, 20750018, 20450036, 19050005, 21450007, 8250004, 22450042, 41050006, 29050007, 6050005, 8250003, 29050014, 51050003, 21950007, 1250022, 18850006, 45050007, 27050001, 2150050, 3050002, 34050004, 24050001, 18350031, 34050005, 42050001, 6050008, 650030, 19050012, 21850015, 45050018, 22550049, 5550006, 19340016, 3850045, 4950052, 12850051, 5550050, 5550052, 19350051, 7550053, 7550054, 7550052]"
Prison_County,"[2, 1]"
S3ASU_ID,"[' ', '30357180', '30295880', '30295170', '30128750', '30028000', '30064100', '30404550', '30260460', '30422510', '30174240', '30231680', '30381130', '30314330', '30301440', '30363670', '30113760', '30068430', '30399480', '30405900', '30010630', '30438440', '30153220', '30170460', '30252150', '30358400', '30431370', '30409730', '30142120', '30118640', '30447480', '30398020', '30085150', '30013250', '30062270', '30164970', '30311440', '30321550', '30437700', '30162950', '30261690', '30140700', '30398590', '30437880', '30111510', '30374380', '30290250', '30302470', '30214850', '30296370', '30248160', '30005780', '30335020', '30047980', '30251750', '30376130', '30032490', '30395910', '30116290', '30120270', '30284060', '30082980', '30236520', '30003780', '30065750', '30170490', '30295810', '30416240', '30052220', '30177370', '30129910', '30101660', '30078160', '30239420', '30374240', '30298080', '30335250', '30446830', '30172460', '30004490', '30206810', '30267940', '30109270', '30171540', '30395170', '30329690']"
S3ABGR_ID,"[' ', '4840045', '18840009', '19040005', '29040006', '29040007', '31040004', '5040001', '21140063', '34040003', '45040016', '33040001', '46040002', '14040002', '2040004', '39040001', '35040006', '17040003', '17640057', '34040007', '19040013', '19040002', '34040006', '20040002', '45040009', '2040002', '45040019', '34040008', '18040006', '29040004', '31040001', '22240011', '2040007', '4240074', '26040001', '36040003', '51040002', '21040001', '25040018', '18040001', '46040001', '25040003', '31040003', '2040005', '2040001', '7940006', '23040001', '45040014', '19040011', '45040017', '1040001', '34040009', '29040028', '41040009', '20040003', '45040002', '2940026', '25040001', '18040003', '29040011', '14040001', '29040022', '35040003', '24040003', '2040006', '34040002', '45040018', '45040013', '25040011', '25040013', '37040001', '29040026', '41040010', '29040009', '29040023', '51040004', '18840002', '45040003', '27040001', '34040004', '24040001', '34040005', '42040001', '6040024', '19040019', '45040020']"
S3ASU_ID2,"[' ', '30311020']"
S3ABGR_ID2,"[' ', '6040025']"
brians_sampled,"[' ', '22', '23', '1', '11', '27', '26']"
S3SURVEY,['Survey 3']
S3BSRVTI,['TX Program Dir']
S3BAD_JU,"['Adult', 'Juvenile', 'Adult & Ju', 'Adults']"
S3BMODE,"[2, 1]"
SBCONSNT,"[0, 1]"
S3BQ1,['Masked']
S3BQ2,"[19.0, 2.0, 22.0, 1.0, 0.5, 14.0, 7.0, 4.0, 18.0, 8.0, 3.0, 11.0, 9.0, 24.0, 10.0, 5.0, -3.0, 15.0, 6.0, 20.0, 27.0, 2.5, 12.0, 13.0, 25.0, 0.0, 16.0, 17.0, 30.0, 26.0]"
S3BQ3,"[8, 4, 26, -3, 10, 20, 7, 30, 18, 19, 14, 16, 22, 17, 32, 15, 3, 5, 11, 9, 24, 13, 27, 23, 12, 28, 25, 33, 29, -5, 6, 34, 21, 2, 35, 0, 1, 36]"
S3BQ4,"[1, 3, 2]"
S3BQ5,"[1, 5, 3, 6, -2, 2, -3, 4]"
S3BQ5O,[' ']
S3BQ6,"[2, 3, 22, 23, 49, 71, 40, 8, 26, 6, 1, 27, 24, 11, 25, 18, 17, 32, 30, 28, 14, 29, 16, -3, 31, 33, 21, 34, 4, 35, -5, 36, 7, 37, 38, 15, 39, 41, 42, 43, 44, 45, 46, 9, 47, 48, 50, 51, 52, 53, 54, 55, 56, 57, 58, 59, 60, 61, 62, 63, 64, 72, 65, 66, 67, 68, 69, 70]"
S3BQ6O1,"[' ', 'Masked']"
S3BQ6O2,"[' ', 'Masked']"
S3BQ6O3,"[' ', 'Masked']"
S3BQ7O,"[' ', 'Masked']"
S3BQ8_2,"[1, 0, -3, -5]"
S3BQ8_6,"[0, 1, -3, -5]"
S3BQ8_7,"[0, -3, -5, 1]"
S3BQ8_8,"[0, 1, -3, -5]"
S3BQ8_9,"[0, 1, -3, -5]"
S3BQ8_9O,"[' ', 'Masked']"
S3BQ9,"[1, 2, -3]"
S3BQ11_1,"[0, 1, -3]"
S3BQ11_2,"[1, 0, -3]"
S3BQ11_5,"[0, 1, -3]"
S3BQ11_7,"[0, -3, 1]"
S3Q11_7O,"[' ', 'Masked']"
S3BQ12,"[1, 4, -3, 6, 12, 9, 5, 2, 16, -5, 15, 17, 14]"
S3BQ13,"[2, 7, 8, 5, 4, -3, 6, 14, 9, 12, 13]"
S3BQ13O1,"[' ', '-3', 'SUBSTANCE ABUSE HOSPITAL']"
S3BQ13O2,"[' ', '-3', 'COMMUNITY CORRECTIONS', 'ASSESSMENT AND TREATMENT CENTER']"
S3BQ13O3,"[' ', 'ADMINISTRATIVE OFFICES PROGRAM SERVICES', '-3', 'HOSPITAL', 'OUT PT CLINIC', 'HOSPITAL PROGRAM', 'HOSPITAL ADDICTION TREATMENT UNIT', 'CLIENT HOMES', 'DRUG ALCOHOL INPT REHAB AGENCY', 'OP SETTING', 'HOSPITAL BASED PROGRAM']"
S3BQ14A,"[0, 1, -3]"
S3BQ14B,"[' ', '87.5', '50', '98', '90', '12', '93', '55', '-3', '80', '85', '-2', '5', '100', '1', '70', '75', '30', '96', '65', '40', '20', '25', '95', '60', '15', '43', '99', '87', '22', '45', '78', '10', '74', '88', '3', '35']"
S3BQ14C,"[' ', '2', '-3', '3', '1']"
S3BQ15_1,"[0, 1, -3]"
S3BQ15_2,"[1, 0, -3]"
S3BQ15_3,"[0, 1, -3, 3]"
S3BQ15_4,"[0, 1, -3]"
S3BQ15_5,"[0, 1, -3]"
S3BQ15O,"[' ', 'QA ADMINISTRATION BUSINESS MANAGEMENT', '-3', 'RUN A DRUG TESTING LABORATORY', 'CONSULTANT AT COMMUNITY BASED ADOLESCENT CLINIC', 'OVERSEE ALL CLINICAL OPERATIONS', 'MENTAL HEALTH COUNSELOR', 'MANAGE - DONT RUN', 'DIRECTOR OF PSYCHOLOGY DEPT', 'OUTREACH', 'PREVENTION INTERVENTION COALITION', 'ALL AUDITING DATA OUTCOME MEASUREMENT AND OTHER PERFORMANCE IMPROVEMENT OR QUALITY ASSURANCE', 'OVERSEE MULTIPLE PROGRAMS  NO SUBSTANCE ABUSE', 'RUN 2 DETENTION PROGRAMS', 'MANAGE CLIENTS IN TX', 'PRETREATMENT SERVICES AND REFERRAL', 'OVERSEE MULTIPLE CASE MANAGEMENT AND RE-ENTRY PROGRAMS']"
S3BQ16A,"[3, 4, 2, 5, -3, 1, -5]"
S3BQ16B,"[5, 2, 4, 1, 3, -3, -5]"
S3BQ16C,"[4, 3, 13, 1, 5, -3, 2, -2, -5]"
S3BQ16D,"[3, 4, 1, 5, -3, 2, -5]"
S3BQ16E,"[3, 2, 1, 5, 4, -3, 15, 12, -5]"
S3BQ16F,"[2, 4, 1, 5, 3, -3, -5]"
S3BQ16G,"[3, 4, 2, 5, -3, -5, 1]"
S3BQ16H,"[4, 3, 5, 2, 1, -3, -5]"
S3BQ16I,"[15, 3, 2, 1, 5, 4, -5, -3]"
S3BQ16J,"[4, 3, 2, 1, 5, -5, -3]"
S3BQ16K,"[4, 3, 2, 5, -5, -3, 1]"
S3BQ16L,"[2, 3, 4, 5, 1, -3, -5]"
S3BQ16M,"[3, 1, 2, 5, -5, -3, 4]"
S3BQ16N,"[-3, 3, 5, 1, -5, 2]"
S3BQ16NO,"['-3', 'SHORT SENTENCES', '-5', 'LACK OF MEDICAL REIMBURSEMENT FOR SERVICES OFFERED DURING INCARCERATION', 'LENGTH OF TIME', 'OFFENDERS ARE GIVEN DATES OF RELEASE THAT ARENOT BASED ON TREATMENT COMPLIANCE  WHEN THEY ARE', 'MULTI-DISCIPLINARY TEAM MTGS', 'JUVENILE COURT', 'MARGINALIZED BY ADMIN', 'DATA REPORTING REQUIREMENTS', ' ', 'NEGATIVE ATTITUDE TO TX BY SOME CORRECTIONS STAFF', 'STATE PRISONER RE ENTRY INIATIVE I AM A MEBR OF THE ABVE GP WHICH IS BGNG TO HAVE A LGE IMPACT ON PR', 'EMPLOYEE TURNOVER', 'SUPPORT PROM, FAITH BASED COMMUNITIES (CHURCHES)', 'PROBATION COURTS', 'FUNDING FOR MATERIALS SALARIESETC', 'NOT IN MY BACKYARD SOME OPPOSITION PLUS WORKED OUT', 'FUNDING', 'STATE BUDGET PROBLEMS', 'CORRECTIONAL OFFICERS ISSUES', '3']"
S3BQ17A1,"[4, 2, -3, 3, 5, 1, -2, -5]"
S3BQ17A2,"[-3, 3, 5, 4, 1, -2, 2, -5]"
S3BQ17B1,"[2, 3, -3, 5, 1, 4, -5, -2]"
S3BQ17B2,"[-3, 2, 1, 3, 4, 5, -2, -5]"
S3BQ17C1,"[5, 3, -3, 2, 4, -5, -2, 1]"
S3BQ17C2,"[-3, 2, 4, 3, 1, 5, -2, -5]"
S3BQ17D1,"[1, 3, -3, 4, 5, 2, -5, -2]"
S3BQ17D2,"[-3, 3, 5, 4, 1, -2, 2, -5]"
S3BQ17E1,"[3, 2, -3, 5, 4, -5, -2, 1, 15]"
S3BQ17E2,"[-3, 4, 5, 3, 1, 2, -2, -5]"
S3BQ17F1,"[5, 2, -3, 3, 4, 1, -5, -2]"
S3BQ17F2,"[-3, 4, 5, 2, 3, 1, -2, -5]"
S3BQ17G1,"[4, 1, -3, 2, 3, 5, -5, -2]"
S3BQ17G2,"[-3, 4, 3, 2, 5, 1, -2, -5]"
S3BQ17H1,"[4, 2, -3, 3, 5, 1, -5, -2]"
S3BQ17H2,"[-3, 4, 3, 5, 2, 1, -2, -5]"
S3BQ17I1,"[4, 2, -3, 1, 3, 5, -5, -2]"
S3BQ17I2,"[-3, 3, 5, 2, 4, 1, -2, -5]"
S3BQ17J1,"[5, 4, -3, 1, 2, 3, -5, -2]"
S3BQ17J2,"[-3, 2, 1, 4, 5, 3, -2, -5]"
S3BQ17K1,"[2, -3, 1, 5, 3, 4, -5, -2]"
S3BQ17K2,"[-3, 4, 5, 3, 1, -2, 2, -5, 13]"
S3BQ17L1,"[5, 2, -3, 1, 3, 4, -5, -2]"
S3BQ17L2,"[-3, 4, 5, 2, 3, 1, -2, -5]"
S3BQ17M1,"[-3, 1, -5, -2, 5, 2, 4, 3]"
S3BQ17M2,"[-3, 15, 5, 1, -5, 4, 3, -2, 2]"
S3BQ17MO,"['-3', '4-INDIVIDUAL GROUP PSYCHO THERAPY, 5-VOCATION COUNSELING', 'PSYCHOTHERAPY', 'LINK TO COMMUNITY BASED PROGRAMS', '-5', 'LIFE SKILLS', 'HOLISTIC OUTLOOK OF CLIENT', '-2', 'EDUCATIONAL', 'INMATE CREDIT FOR GROUPS AND PROGRAMS ATTENDED IN PRISON', 'NONE', 'DOMESTIC VIOLENCE', 'RE-INTEGRATION', 'HOUSING', 'FAITH BASED', 'INTERVENTION', 'PSYCHOEDUCATIONAL', 'AFTER CARE', 'ART DRAMA RECREATION', 'USE OF ADDICTION TREATMENT MODIFICATIONS']"
S3BQ18A,"[5, 4, 2, 1, -3, 3]"
S3BQ18B,"[2, 1, 4, 3, -3, 5]"
S3BQ18C,"[2, 3, 5, 1, -3, 4]"
S3BQ18D,"[2, 1, -3, 3, 5, 4]"
S3BQ18E,"[5, 4, -3, 2, 3, 1]"
S3BQ18F,"[1, 2, 3, 5, -3, 4]"
S3BQ18G,"[4, 3, 1, 2, 5, -3]"
S3BQ18H,"[4, 5, -3, 3, 1]"
S3BQ18I,"[1, 2, 3, -3, 4, 5]"
S3BQ18J,"[5, 1, 4, -3, 3, 2]"
S3BQ18K,"['1', '2', '3', '5', ' ', '4']"
S3BQ18L,"[3, 2, 1, 4, -3, 5]"
S3BQ18M,"[3, 2, 1, 5, 4, -3]"
S3BQ18N,"[2, 3, 1, -3, 4, 5]"
S3BQ18O,"[3, 2, 1, 4, -3, 5]"
s3bq18inf,"['5', '4.33333333333333', '4', '3', '1.66666666666667', '3.66666666666667', '3.33333333333333', '4.66666666666667', ' ', '2.33333333333333', '2.66666666666667', '2']"
s3bq18res,"['3.5', '4', '4.66666666666667', '3.83333333333333', '4.16666666666667', '3.33333333333333', '4.33333333333333', '3.16666666666667', ' ', '3.66666666666667', '3', '4.5', '4.2', '4.25', '4.83333333333333', '3.2', '5', '2', '1.66666666666667', '2.83333333333333', '2.8']"
s3bq18mot,"['3.66666666666667', '4', '5', '4.66666666666667', '4.33333333333333', ' ', '3.33333333333333', '1.66666666666667', '3', '2.66666666666667', '2.5', '2', '2.33333333333333', '4.5']"
s3bq18ent,"['4.5', '5', '4', ' ', '3.5', '3', '1']"
s3bq18all,"['4', '4.14285714285714', '4.64285714285714', '4.07142857142857', '4.35714285714286', '3.78571428571429', '3.28571428571429', '4.15384615384615', '4.78571428571429', '4.21428571428571', '3.5', '4.85714285714286', ' ', '3.35714285714286', '3.92857142857143', '4.28571428571429', '3.85714285714286', '3.71428571428571', '4.57142857142857', '4.5', '4.42857142857143', '3.64285714285714', '3.57142857142857', '4.07692307692308', '3.83333333333333', '3.53846153846154', '3.46153846153846', '3.61538461538462', '5', '3.38461538461538', '3', '3.42857142857143', '3.21428571428571', '3.84615384615385', '4.71428571428571', '3.75']"
S3BQ19A,"[2, 3, 4, 1, 5, -3]"
S3BQ19B,"[4, 2, 1, 5, -3, 3]"
S3BQ19C,"[4, 2, 5, 1, -3, 3]"
S3BQ19D,"[2, 3, 1, 5, 4, -3]"
S3BQ19E,"[3, 2, 1, -3, 4, 5, 9]"
S3BQ19F,"[3, 4, 2, 5, -3, 1]"
S3BQ19G,"[3, 4, 2, 5, -3, 1]"
S3BQ19H,"[3, 2, 4, 5, -3, 1]"
S3BQ19I,"[3, 2, 4, 1, 5, -3]"
S3BQ19J,"[3, 2, 4, 1, 5, -3]"
S3BQ19K,"[4, 3, 5, 2, 1, -3]"
S3BQ19L,"[4, 5, 2, 1, -3, 3]"
S3BQ19M,"[4, 2, 5, -3, 3, 1]"
S3BQ19N,"[4, 3, 5, -3, 2, 1]"
S3BQ19O,"[4, 3, 2, 1, 5, -3]"
S3BQ19P,"[4, 1, 2, 3, 5, -3, -5]"
S3BQ19Q,"[4, 2, 5, 3, -3, 1]"
S3BQ19R,"[2, 3, 4, 1, -3, 5, -5]"
S3BQ19S,"[3, 4, 2, 1, 5, -3]"
S3BQ19T,"[4, 2, 3, 1, 5, -3]"
S3BQ19U,"[4, 2, 3, 5, -3, 1]"
S3BQ19V,"[3, 4, 5, 1, 2, -3]"
S3BQ19W,"[3, 2, 4, 1, -3, 5]"
S3BQ19X,"[3, 4, 2, 1, 5, -3]"
s3bq19tra,"['3', '3.4', '2.4', '4.4', '4', '4.8', '5', '4.2', '3.8', '3.6', ' ', '3.2', '4.6', '2.2', '2.6', '1.8', '1.6', '2', '2.8']"
s3bq19new,"['2.33333333333333', '2', '3', '1', '4', '1.33333333333333', '2.66666666666667', '5', '1.66666666666667', ' ', '4.33333333333333', '3.66666666666667', '3.33333333333333']"
s3bq19phy,"['4', '3.66666666666667', '2.66666666666667', '3', '4.66666666666667', '2.33333333333333', '5', '3.33333333333333', ' ', '4.33333333333333', '1.5', '2', '1.66666666666667', '1.33333333333333', '1']"
s3bq19com,"['4', '2', '3', '3.33333333333333', '2.33333333333333', '1.66666666666667', '2.66666666666667', '5', '4.33333333333333', '3.66666666666667', ' ', '4.66666666666667', '1.33333333333333', '1']"
s3bq19res,"['4', '3', '2.5', '2.75', '3.75', '2', '4.5', '5', '3.5', '4.25', ' ', '4.75', '3.66666666666667', '1.33333333333333', '3.25', '1.75', '2.25', '1.5', '1.25', '1']"
s3bq19sta,"['2', '3', '1', '4.5', '2.5', '5', '3.5', '1.5', ' ', '4']"
s3bq19ret,"['2', '3', '4', '2.5', '1.5', '3.5', '5', ' ', '1', '4.5']"
s3bq19sr,"['2', '3', '3.5', '2.75', '1.25', '4.25', '5', '2.5', '3.25', '1.5', ' ', '4', '2.25', '3.75', '4.75', '1', '1.75', '3.66666666666667', '4.5']"
s3bq19pol,"['3', '3.5', '2.5', '4', '2', '1.5', ' ', '5', '4.5', '1']"
S3BQ20A,"['Masked', ' ']"
S3BQ20B,"[190.0, 72.5, 85.0, 24.0, 400.0, 1.0, 60.0, 17.0, 50.0, 150.0, 602.0, 30.0, 42.0, 606.0, -2.0, 55.0, 25.0, 10.0, 300.0, 110.0, -3.0, 100.0, 15.0, 32.0, 200.0, 80.0, 20.0, 40.0, 35.0, 671.0, 643.0, 475.0, 7.0, 27.0, 1300.0, 900.0, 120.0, 118.0, 3.0, 5.0, 12.0, 112.0, 256.0, 275.0, 6.0, 9.0, 36.0, 8.0, 66.0, 106.0, 255.0, 29.0, 250.0, 70.0, 45.0, 175.0, 44.0, 96.0, 750.0, 28.0, 240.0, 108.0, 0.0, 23.0, 450.0, 75.0, -7.0, 78.0, 144.0, 225.0, 68.0, 320.0, 33.0, 519.0, 160.0, 605.0, 500.0, 525.0, 1150.0, 91.0, -6.0, 13.0, 18.0, 600.0, -5.0, 739.0, 125.0, 26.0, 16.0, 4.0, 4200.0, 83.0, 180.0]"
S3BQ21,"[7, 2, 9, 3, -3, 6, 10, 1, 4, 11, 12, 5, 13, 8, 14, 15, 16, 17, -5, 18, 19, 20]"
S3BQ21O,"[' ', 'Masked']"
S3BQ22,"[5, 10, 7, -3, 9, 11, 6, 4, 22, 8, 12, 3, 13, 15, 1, 17, 18, -5, 14]"
S3BQ22O1,"[' ', 'Masked']"
S3BQ22O2,"[' ', 'Masked']"
S3BQ23,"[720.0, 90.0, 180.0, 365.0, 275.0, 75.0, 45.0, 125.0, 48.0, 84.0, 30.0, 20.0, 1000.0, 540.0, 455.0, -3.0, 60.0, 50.0, 25.0, 360.0, 120.0, 294.0, 150.0, 260.0, 14.0, -2.0, 318.0, 547.48, 80.0, 730.0, -6.0, 23.0, 350.0, -5.0, -4.0, 140.0, 21.0, 5.0, 371.0, 100.0, 40.0, 168.0, 240.0, 63.0, 450.0, 220.0, 270.0, 12.0, 112.0, 6.0, 59.0, 152.0, 340.0, 440.0, 210.0, 453.0, 135.0, 456.0, 70.0, 405.0, 525.0, 39.0, 273.0, 8.0, 10.0, 18.0, 7.0, 42.0]"
S3BQ24,"[9.0, 17.5, 15.0, 30.0, 120.0, -2.0, 310.0, 25.0, 475.0, 20.0, 10.0, 19.0, 40.0, 70.0, 12.0, 90.0, -5.0, -3.0, 33.0, 7.0, 180.0, 35.0, 14.0, 45.0, 50.0, 36.0, 13.0, 39.0, 80.0, 6.0, 8.0, 18.0, 150.0, 22.0, 24.0, 11.0, 23.0, 32.0, 1.0, 96.0, 65.0, 5.0, 28.0, 1000.0, 11130.0, 63.0, 17.0, -6.0, 16.0, -4.0, 4.0, 60.0, 26.0, 68.0, 200.0, 75.0, 5.5]"
S3BQ25A,"[1, 0, -3, -5]"
S3BQ25B1,"['1', ' ', '0', '-3', '-5']"
S3BQ25B2,"['0', ' ', '1', '-3', '-5']"
S3BQ25B3,"['0', ' ', '1', '-3', '-5']"
S3BQ25B4,"['0', ' ', '1', '-3', '-5']"
S3BQ25B5,"['0', ' ', '1', '-3', '-5']"
S3BQ25B6,"['0', ' ', '1', '-3', '-5']"
S3BQ25B7,"['0', ' ', '1', '-3', '-5']"
S3BQ25B8,"['0', ' ', '1', '-3', '-5']"
S3BQ25B9,"['0', ' ', '1', '-3', '-5']"
S3BQ2510,"['0', ' ', '1', '-3', '-5']"
S3BQ2511,"['0', ' ', '1', '-3', '-5']"
S3BQ2512,"['0', ' ', '1', '-3', '-5']"
S3BQ2513,"['0', ' ', '1', '-3', '-5']"
S3BQ25BO,"[' ', 'PAROLEES', 'GENERAL POPULATION ADULT MALES AND FEMALES', 'DRUG DEALERS AND SUBSTANCE ABUSERS', 'VETERANS', 'JUVENILE HALL CLIENTS', 'ANTI SOCIAL PERSONALITY DISORDERS', 'RETAINED JURISDICTION', '-3', 'MALE AND FEMALE ADULTS', 'DRUNK DRIVERS', 'INCARCERATED FEMALE FELONS', 'PEOPLE MALES THAT ARE GOING TO BE DEPORTED OUTSIDE THE US', 'DOMESTIC VIOLENCE PERPETRATORS - MALE FEMALE', 'JUVENILE OFFENDERS/DELINQUENTS', 'ADDICTION ISSUES', 'CRIMINAL JUSTICE', 'ADULTS ADOLESCENTS MALE AND FEMALE', 'SUBSTANCE ABUSE', 'OFFENDERS ON PROBATION', 'INCARCERATES JUVENILES', 'NATIVE AMERICANS', 'OMVI OFFENDERS', 'DUI OFFENDERS', ""DUI CRIMINAL ACTIVITY RELATED TO DRUGS ALCOHOL MEXICAN NATL AMERICAN NAT'L AMERICAN"", 'ADULTS ONLY', 'PRISON FELON LOW FUNCTIONING DRUG DWI', 'FAMILIES', 'KOREA VIETNAMESE', 'DRUG OFFENDERS', 'YOUTHFUL OFFENDERS 18 - 21 YRS OLD AND COMMITTED YOUTHS', 'IMPQIRED PROFESSIONALS']"
S3BQ26A,"[0, 1, -3, -5]"
S3BQ26B1,"[' ', '0', '1', '-3', '-5']"
S3BQ26B2,"[' ', '0', '1', '-3', '-5']"
S3BQ26B3,"[' ', '0', '1', '-3', '-5']"
S3BQ26B4,"[' ', '0', '1', '-3', '-5']"
S3BQ26B5,"[' ', '0', '-3', '1', '-5']"
S3BQ26B6,"[' ', '0', '1', '-3', '-5']"
S3BQ26B7,"[' ', '1', '0', '-3', '-5']"
S3BQ26B8,"[' ', '0', '1', '-3', '-5']"
S3B26BO1,"[' ', 'Masked']"
S3B26BO2,"[' ', 'Masked']"
S3B26BO3,"[' ', 'Masked']"
S3BQ27A1,"[-2.0, 6.0, 0.3, 8.0, -3.0, 3.0, 4.0, 15.0, 1.0, 35.0, 2.0, 31.0, 12.0, 14.0, 10.0, 80.0, 25.0, 9.0, 1.75, 17.0, 3.5, 11.0, 32.0, 2.5, 5.0, 38.0, 18.0, 0.0, -5.0, 1.6, 5.3, 51.0, 22.0, 7.0, 20.0, 4.5, 8.4, 19.0, 13.0, 27.0, 8.15, 16.0, 26.0, 40.0, 125.0, 54.0, 37.0]"
S3BQ27A2,"[-2.0, -3.0, 10000.0, 30000.0, 50000.0, 145000.0, 40000.0, 22617.14, 28000.0, 27000.0, 26000.0, -5.0, 35000.0, 31000.0, 45000.0, 60000.0, 31720.0, 1800.0, 32000.0, 22000.0, 65000.0, 29000.0, 28892.75, 26500.0, 25000.0, 34000.0, 44000.0, 37000.0, 49000.0, 23990.0, 48000.0, 62000.0, 18000.0, 39000.0, 19000.0, 34400.0, 33000.0, 15000.0, 31200.0, 13900000.0, 26700.0, 55000.0, 124800.0, 37621.0, 12000.0, 20500.0, 25920.0, 38000.0, 43000.0, 28755.0, 24000.0, 36000.0, 37800.0, 79660.05, 21742.0, 23000.0, 20000.0]"
S3BQ27A3,"[-2.0, 5.0, 1.0, 3.0, -5.0, -3.0, 2.0, 0.0, 2700.0, 29.0, 200.0, 100.0, 0.6, 22.0, 9.0, 6.0, 0.5, 0.2, 4.0, 19.0, 7.0, 2.5, 10.0, 20.0]"
S3BQ27B1,"[-2.0, -3.0, 0.4, 6.0, 5.0, 3.0, 0.0, 80.0, -5.0, 4.0, 6.5, 1.0, 14.0, 2.0, 10.0, 12.0, 100.0, 13.5, 1.2, 7.0, 26.0, 8.0, 27.6, 38.0, 23.0, 1.5, 60.0, 30.0, 101.0, 2.5]"
S3BQ27B2,"[-2.0, -3.0, 50000.0, 30000.0, 42000.0, 45000.0, -5.0, 36000.0, 0.0, 33000.0, 34507.0, 32000.0, 20000.0, 34056.0, 27000.0, 61000.0, 28000.0, -6.0, 22000.0, 43000.0, 23000.0, 39000.0, 34000.0, 35000.0, 6000.0, 40000.0, 29000.0, 21850.0, 65000.0, 25000.0, 38000.0, 36243.0, 37000.0, 30722.11, 46000.0, 32094.0, 24000.0]"
S3BQ27B3,"[-2, -3, 3, -5, 2, 0, 4, 1, 6]"
S3BQ27C1,"[-2.0, -3.0, 3.0, 1.0, 12.0, 3.2, 0.0, -5.0, 2.0, 14.0, 3.5, 4.0, 20.0, 8.0, 5.0, 9.0, 6.0, 48.0, 1.5, 10.0, 170.0, 30.0]"
S3BQ27C2,"[-2.0, -3.0, 30000.0, 25000.0, 3000.0, -5.0, 0.0, 26000.0, 75000.0, 31720.0, 45000.0, 65000.0, 27000.0, 28000.0, 31734.0, 24000.0, 15000.0, 35000.0, 37000.0, 70000.0, 40000.0, 32000.0, 36000.0, 29000.0, 40629.0, 23000.0, 29003.19, 20065.0, 22000.0, 34000.0, 20000.0]"
S3BQ27C3,"[-2, -3, 3, -5, 1, 0, 25, 5, 2]"
S3BQ28A,"[-2.0, 3.0, 0.0, 4.0, 2.0, 1.0, 80.0, 36.0, 5.0, 10.0, -3.0, 6.0, 3.5, 8.0, 0.3, 14.0, 1.5, 12.0, 9.0, 1.75, -5.0, 7.0, 0.15, 15.0, 64.0]"
S3BQ28B,"[-2.0, 6.0, 0.0, 5.0, 3.0, -3.0, 8.0, 1.0, 2.0, 4.0, 10.0, 7.0, 0.5, 12.0, 18.0, -5.0, 15.0, 48.0]"
S3BQ29A,"[1, 2, 3, -3, -5]"
S3BQ29B,"[1, 2, 3, -3, -5]"
S3BQ30A1,"[0, 2, 7, 1, 6, -3, 5, 4, 30, 50, 10, 3, -2, 113, -5, 8, 53, 20, 300, 12, 80, 15, 9]"
S3BQ30A2,"[-5, 10, 4, -3, 20, 14, 0, 1, 3, 7, 6, 16, 24, -2, 2, 15, 8, 5, 21, 40, 30]"
S3BQ30B1,"[0, 3, 4, -3, 8, 2, -5, 1, -2, 18, 20, 10, 40, 75]"
S3BQ30B2,"[-5, 4, 10, -3, 0, 38, 1, 40, 5, -2, 2, 3, 15, 6, 120]"
S3BQ31A,"[-2, 5, 3, 1, 4, 2, -3, -5]"
S3BQ31B,"[-2, 4, 5, 2, 3, -3, 1, -5]"
S3BQ31C,"[-2, 2, 1, 3, 5, 4, -3, -5]"
S3BQ31D,"[-2, 2, 5, 4, 1, 3, -3, -5]"
S3BQ31E,"[-2, 1, 2, -3, 3, 4, -5, 0, 5]"
S3BQ31F,"[-2, 1, -3, 5, 2, -5, 4, 9]"
S3BQ31G,"[-2, 1, -3, 5, 2, 3, 4, -5, 9]"
S3BQ31H,"[-2, 1, 5, 2, -3, 4, 3, -5, 9]"
S3BQ31I,"[-2, 5, -3, 4, 2, 3, 1, -5]"
S3BQ31J,"[-2, 2, -3, 5, 4, 1, 3, -5]"
S3BQ32A,"[-2, 4, 3, 2, 1, -3, 5, -5]"
S3BQ32B,"[-2, 4, 5, 3, 1, -3, 2, -5]"
S3BQ32C,"[-2, 4, 3, 2, -3, 1, 5, -5]"
S3BQ32D,"[-2, 4, 2, 3, 1, -3, 5, -5]"
S3BQ32E,"[-2, 4, 3, 2, 1, -3, 5, -5]"
S3BQ32F,"[-2, 3, 2, 4, 1, -3, 5, -5]"
S3BQ32G,"[-2, 1, -3, 2, 4, -5, 3, 5, 8]"
S3BQ32H,"[-2, 3, 2, 1, -3, 4, 5, -5]"
S3BQ32I,"[-2, 3, 2, 1, -3, 5, 4, -5]"
S3BQ33A,"[-2, 4, 1, 5, -3, 2, 3, -5]"
S3BQ33B,"[-2, 1, 3, 4, -3, 2, 5, -5]"
S3BQ33C,"[-2, 1, -3, 4, 2, 3, 5, -5]"
S3BQ33D,"[-2, 1, -3, 4, 5, 3, 2, -5]"
S3BQ33E,"[-2, 4, 2, 1, -3, 3, 5, -5]"
S3BQ33F,"[-2, 4, 1, -3, 2, 3, 5, -5]"
S3BQ33G,"[-2, 1, 4, 5, -3, 2, 3, -5, 9]"
S3BQ33H,"[-2, 2, 1, -3, -5, 4, 3, 5]"
S3BQ33HO,"['-2', 'SOCRATES', ' ', '-3', '-5', 'SI PRE-SENTENCE REPORTS', 'LEVEL OF SERVICES INVENTORY REVISED', 'ACDI', 'POSIT ADOLESCENT', 'VRICA-SACA', 'MAYO CLINIC ALCOHOLISM TEST AM I AN ADDICT', 'ACCURATE ASSESSMENT', 'TOP', 'JASAE', 'PCPC', 'POSIT', 'ALCOHOL USE PROFILE', 'MUI', 'URINE DRUG SCREENS  SUBST ABUSE ASSESSMENTS FOR COMMUNITY POPULATION - USED DSM IV - USED FOR', 'DEQ', 'MINI MENTAL STATUS EXAM', 'JOHNS HOPKINS 20 QUESTIONS', 'SACA', 'ASHY PPC 11', 'ASUS', 'TREATMENT READINESS SCALE', 'PADDI JASAE SOCRATES', 'PPC-2R', 'CAFRAS', '1', 'ADULT SUBSTANCE USE DRIVING SUCCESS']"
S3BQ33I,"[-2, 3, 5, 1, 2, 4, -3, -5]"
S3BQ33J,"[-2, 5, 2, 1, 3, -3, 4, -5]"
S3BQ33K,"[-2, 5, 3, 1, 2, -3, 4, -5]"
S3BQ33L,"[-2, 5, 3, 1, -3, 2, 4, -5]"
S3BQ33M,"[-2, 5, -3, 1, -5, 4, 2, 3]"
S3BQ33MO,"['-2', '-3', 'ZUNG DEPRESSION SCALE', '-5', ' ', 'BDAP ASSESSMENT', 'AIMS TEST', 'YOQ', 'WECHSLER INSTRUMENTS', 'TOP', 'REFER TO MH UNIT', 'TNA TREATMENT NEEDS ASSESSMENT', 'CCAR', 'JESNESS', 'SAVRY', 'MENTAL HEALTH SCREENING TOOL - MINKOFF', 'MCMI', 'LOCAL M H FORM', 'GAF', 'ANXIETY ANGER', 'MACI', 'MINI', 'CAI', 'HSL N', 'PADDI', 'BSAP', 'REYNOLDS ADOLESCENT DEPRESSION SCALE']"
S3BQ33N,"[-2, 5, -3, 4, 1, -5, 2, 3]"
S3BQ33NO,"['-2', '-3', '-5', ' ', 'SARA', 'FAMILY SIG O QUESTIONNAIRE']"
S3BQ33O,"[-2, 5, -3, 3, 1, 2, 4, -5]"
S3BQ33P,"[-2, 5, -3, 2, 1, 3, 4, -5]"
S3BQ33Q,"[-2, 5, -3, 1, -5, 4, 3, 2]"
S3BQ33QO,"['-2', '-3', '-5', ' ', 'CASE MANAGEMENT TOOL', 'TOP', 'TEXAS CHRISTIAN', 'PACT', 'PCPC', 'STRESS TOOL', 'URICA', 'SNAP', 'CAI', 'EG9 (IQ TEST)', '14 COMPETENCY EVAL']"
S3BQ33R,"[' ', '4']"
S3BQ33S,"[' ', '4', '3']"
S3BQ33T,"[' ', '5', '4', '2']"
S3BQ33U,"[' ', '2', '4']"
S3BQ33V,"[' ', '4']"
S3BQ33W,"[' ', '2']"
S3BQ33X,"[' ', '5', '4', '3']"
S3BQ34,"[-2, 4, 5, 1, 2, 6, -3, 3, -5]"
S3BQ35A,"[-2, -3, 1, 0]"
S3BQ35B,"['-2', '-3', ' ', 'NONE', 'LIVING FREE EDUCATION MANUAL', 'COMPREHENSIVE TREATMENT PLAN 90 DAY REVIEW', 'COGNITIVE THINKING AND PROBLEM SOLVING  THINKING FOR A CHANGE', 'CANNOT READ', 'DV TREATMENT PROGRAM', 'RIGHT STEP RECOVERY WORKBOOK', 'AOD ED 12 STEP RELAPSE PREVENTION AFTER CARE GROUP THERAPY', 'TCU CURRICULUM', 'PCPC LEVELS OF CARE', 'NEW DIRECTIONS', 'OFFENDER MANAGEMENT PROGRAM', 'ALIVIANE SOP', 'DRIVER ALCOHOL EDUCATION', 'NO NAME', 'COGNITIVE BEHAVIORAL THERAPY', nan, 'PROGRAM PLAN', 'VARIES DEPENDING ON PROGRAM', 'SHOCK MANUAL WILLARD DTC CURRICULUM', 'STATE ALCOHOL SUBSTANCE CURRICULUM', 'ASAT MANUAL', 'PROGRAM OPERATIONS MANUAL', 'LESSON PLANS/TREATMENT PLANS', 'SSIC STRATEGIES FOR SELF IMPROVEMENT AND CHANGE', 'TREATMENT PLAN', 'GENDER SPECIFIC CURRICULUM', 'TRUTHOUGHT, LIVING IN BALANCE, PATHWAY TO CHANGE', 'THE CHANGE COMPANIES INTERACTIVE JOURNALING', 'MCPC', 'ADOLESCENT RECOVERY PROGRAM', 'COGNITIVE RESTRUCTURING', 'HOLISTIC COGNITIVE APPROACH', 'NEW FREEDOM', 'CTC PROGRAM', 'HOME MADE', 'SPECIFIC TITLE', 'ADOLESCENT CHEMICAL DEP CORE INTERVENTION PROGRAM', 'A NEW DIRECTION', 'TASC CURRICULUM', 'WE HAVE OUR OWN', 'IN-HOUSE', 'SAME HAZELDEN GORSKY', 'HAZELDEN', 'AGENCY POLICY', 'HAZELDEN SUBSTANCE ABUSE CURRICULUM FOR OFFENDERS', 'GROUP TREATMENT FOR SUBSTANCE ABUSE STAGES OF CHANGE VELASQUEZ', 'ADDICTIONS TREATMENT UNIT TURNING POINT', 'NO NAME - GROUPS NOT TOTALLY MANUALIZED BUT CURRICULUM FOR EACH GROUP HAS BEEN DEVELOPED', 'LIVING IN BALANCE', 'WHOLE VISION', 'CORRECTIONS CURRICULUM', 'TREATMENT PLANNING', 'HAZELTON NEW DIRECTIONS', 'COGNITIVE PREVENTION MATTER / RELAPSE PREVENTION /', 'ASAT PROGRAM OPERATION MANUAL', 'OUTPATIENT TREATMENT', 'HAZELTON RSAT', 'HAZELTON', 'CORRECTIONAL RECOVERY ACADEMY', 'CHANGE', 'COMPREHENSIVE CASE MANAGEMENT SYSTEM CCMS', 'SSIC', 'COGNITIVE', 'TYC CD EDUCATION MANUAL', 'FEDERAL BOP CURRICULUM', '7 CHALLENGES', ""REBT, SEEKING SAFETY, WOMEN'S JOURNAL, ROADMAP TO CHANGE"", 'RESTART OUTPATIENT CURRICULUM AND COMPETENCIES', 'MAP TP FOR INDIVIDUAL', 'OFFENDER TX GRP RECOVERY KEYS', 'THERAPEUTIC COMMUNITY', 'IOP TRACT  PRIMARY CARE TRACT', 'USE COMBO OF SEVERAL', 'COGNITIVE INTERVENTION A PRG FOR OFFENDERS', '12 STEP BASED TX', 'NO SPECIFIC NAME - CLINICAL SUPERVISORS TEACH COGNITIVE BEHAVIOR THERAPY APPROACH TO STAFF', 'MANY DIFFERENT CURRICULUM ARE USED', 'VARIED', 'HAZELTON AND NEW FREEDOM', 'RE-SOCIALIZATION', 'SSIC - FOR SOME', 'RECOVERY EDUCATION LIFE SKILLS', 'PROTOCOL-STATE LIC REQUIREMENTS', '2ND STEP', 'PATHWAYS TO EXCHANGE', 'GATEWAY FOUNDATION', 'MRT MORAL RECONATION THERAPY AND STAYING QUIT', '12 STEP', 'COGNITIVE THINKING ERRORS  SAME NOW CRUTCH', 'PENNSYLVANIA DOC AOD POLICY', '7 4 1 SUBSTANCE ABUSE MANUAL', '-5', 'ISP', 'HAZELDEN NEW DIRECTIONS', 'COGNITIVE BEHAVIORAL', 'TREATMENT REVIEW EVERY 300 AXS', 'DUI DRIVER ALCOHOL EDUCATION / DUI OFFENDER AFTERCARE']"
S3BQ35C,"['-2', '-3', '1', ' ', '0']"
S3BQ35D,"['-2', '-3', '0', ' ', '1']"
S3BQ35E,"['-2', '0', '1', '-3', ' ']"
S3BQ36A,"[-2, 5, -3, 3, 1, 4, 2, -5]"
S3BQ36B,"[-2, 1, 5, -3, 3, 4, 2, -5]"
S3BQ36C,"[-2, 1, -3, 3, 2, 4, -5, 5]"
S3BQ36D,"[-2, 1, 4, -3, 3, 5, 2, -5]"
S3BQ36E,"[-2, 1, 5, -3, 3, 4, 2, -5]"
S3BQ36F,"[-2, 1, 2, -3, 3, 4, 5, -5]"
S3BQ36G,"[-2, 1, -3, 3, 4, 2, 5, -5]"
S3BQ36H,"[-2, -3, 1, 3, 4, 2, -5, 5]"
S3BQ36HO,"['-2', '-3', 'CRIMINAL JUSTICE', 'DRUG FAMILY COURT', '-5', 'CLINICAL SUPERVISOR', 'OTHER INTERESTED PARTIES IF CONFID FRM SIGNED AND NEED INDICATED', 'MENTAL HEALTH STAFF', 'EACA CASE ASSIGNED TO PRIMARY TX STAFF', 'TREATMENT TEAM', 'PHYSICIAN, CLINICAL NURSE SPECIALIST', 'MULTIDISCIPLINARY TREATMENT TEAM', 'MDOC', 'UNIT TEAM', 'EDUCATION STAFF', 'MULTI DISCIPLINARY TEAM', 'SYCC SENIOR YOUTH CORRECTIONAL COUNSELING', 'SHIFT SUPERVISORS PROBLEM RETARTED', 'CLINICAL SUPERVISOR AND AFTERCARE CASEWORKERS', 'JUDGES', 'PROGRAM MANAGER AND FLOOR COUNSELOR']"
S3BQ37A,"[1, 0, -3]"
S3BQ37_1,"['0', '1', ' ', '-3']"
S3BQ37_2,"['0', '1', ' ', '-3']"
S3BQ37_3,"['0', '1', ' ', '-3']"
S3BQ37_4,"['1', '0', ' ', '-3', '4']"
S3BQ37_5,"['0', '1', ' ', '-3']"
S3BQ37_6,"['0', '1', ' ', '-3']"
S3BQ37_7,"['0', ' ', '-3', '1']"
S3BQ37O,"[' ', 'ORAL SWAB SENT TO OUTSIDE LAB', 'ORAL FLUID TESTING', 'INSTANT TESTING', 'BREATHALYZER', 'RAPID TOXICOLOGY SCREENS THAT INDICATE PRESENCE OF DRUG NOT QUANTITATIVE', 'TEST STICKS', 'TESTING KITS USED ON PREMINS ALSO', 'RAPID ON SITE DRUG DETECTION', 'ORAL SWAB MONITORED', 'OTHER POINT OF SERVICE TESTS', 'ETHYL GLUCOMIDE', 'BREATH ALOCHOL TESTING ON SITE']"
S3BQ38A,"[-3, 3, 1, 4, 5, 2, -2, -5]"
S3BQ38B,"[5, 4, -3, 1, 3, 2, -2, -5]"
S3BQ38C,"[5, 4, 2, -3, 1, 3, -2, -5]"
S3BQ38D,"[-3, 2, 4, 5, 3, 1, -2, -5]"
S3BQ38E,"[-3, 1, 5, 2, 4, 3, -5, -2]"
S3BQ38EO,"['-3', 'CLINICALLY INDICATED', 'CANNOT READ', 'IF THEY ADMIT USE', 'UPON ENTERING PROGRAM', 'AT EVALUATIONS', ' ', '-5', 'AT CLIENT REQUEST OR FAMILY', 'PROG HAVE DIFF TESTING REGIMENS IE DRUG COURTS ETC', 'NONE', 'TX TEAM/SECURITY RECOMMENDATION', '10 PERCENT WEEKLY', 'DRUG COURT DOES OWN TESTING', 'UPON ENTRANCE OR RETURN FROM HOME PASS', 'AT ADMISSIONS AND AWOL RETURN', 'NEW TO PROGRAM', 'AS PHYSICIAN ORDERS', 'MONTHLY', '2X MONTH, PROGRAM PEOPLE', 'TESTED AT ADMISSION AND AFTER OFF CAMPUS VISITS', 'MINIMALLY TESTED TWICE A MONTH', 'TESTED ON ADMISSION', 'VOLUNTARY DAILY REPORT', 'AT INTAKE', 'EVERY OTHER WEEK', 'AS THEY ENTER LEAVE THE PROGRAM', '-2', 'TESTED MONTHLY', 'MONTHLY 25 PERCENT', 'WHEN PLACED ON OUR UNITS', 'DEPENDS ON PRE-ASSESSMENT']"
S3BQ39_1,"[1, -3, 0]"
S3BQ39_2,"[1, 0, -3]"
S3BQ39_3,"[0, 1, -3]"
S3BQ39_4,"[1, 0, -3]"
S3BQ39_5,"[0, 1, -3]"
S3BQ39_6,"[0, -3, 1]"
S3BQ39_7,"[0, 1, -3]"
S3BQ39_8,"[0, 1, -3]"
S3BQ39_9,"[0, 1, -3]"
S3BQ39_10,"[0, 1, -3]"
S3BQ39_11,"[0, -3, 1]"
SBQ3911O,"[' ', '-3', 'TOBACCO EDUCATION', 'SEXUAL ABUSE', 'MISA DUAL DIAGNOSIS', 'D AND A EDUCATION AND TREATMENT', 'SUBSTANCE ABUSE', 'PSYCHOPARMACOLOGY', 'HIV EDUCATION PREVENTION', 'INPATIENT PROGRAM', 'DRUG TESTING', 'AFTER CARE', 'DOMESTIC VIOLENCE AND ANGER MANAGEMENT COUNSELING', 'EDUCATION', 'DOMESTIC VIOLENCE', 'AFTERCARE TRANSITION', 'EDUCATION RESTITUTION', 'OUTSIDE RESOURCES', 'TRANSITIONAL PLANNING', 'EDUCATION STAFF COUNSELING', 'JOB PLACEMENT', 'SUBSTANCE ABUSE COUNSELING', 'ADDICTION TREATMENT', 'D A COUNSELING', 'PARENT MANAGEMENT TRAINING', 'PSCHIATRIC', 'REFERRAL FOR METHADONE AND DETOX', 'AS NEEDED', 'EMPLOYMENT ASSIST', 'SA COUNSELING', 'TC', 'ALL WE OFFER IS NA AA AND GA', 'PSYCHIATRIC SVC', 'FOOD ASST', 'PSYCH NEEDS', 'THERAPEUTIC COMMUNITY', 'PERINATAL METHADONE RESIDENTIAL', 'GROUP THERAPY', 'TRANSPORTATION MEDICATION SERVICES AND AFTER CARE']"
S3BQ40A,"[-2, 5, 4, -3, 3, 2, 1]"
S3BQ40B,"[-2, 1, 2, 3, 4, 5, -3]"
S3BQ40C,"[-2, 1, 2, 3, 5, 4, -3, 9]"
S3BQ40D,"[-2, 1, 5, 3, 4, 2, -3]"
S3BQ40E,"[-2, 5, 4, 3, 2, -3, 1]"
S3BQ40F,"[-2, 5, 3, 4, -3, 2, 1, 11]"
S3BQ40G,"[-2, 5, 2, 1, 3, 4, -3]"
S3BQ40H,"[-2, 5, 4, 2, 3, -3, 1]"
S3BQ40I,"[-2, 4, 5, 2, 1, 3, -3]"
S3BQ40J,"[-2, 1, -3, 3, 5, 2, 4]"
S3BQ40K,"[-2, 4, 5, 2, 1, -3, 3]"
S3BQ40L,"[-2, 4, -3, 2, 1, 5, 3]"
S3BQ40M,"[-2, 2, 5, 1, 3, 4, -3]"
S3BQ40N,"[-2, -3, 1, 5, -5, 2, 4]"
S3BQ40NO,"['-2', '-3', ' ', 'MONTHLY & QUARTERLY EVALUATIONS', '-5', 'BOOT CAMP CONTEXT', 'ART THERAPY', 'EDUCATION WORKSHOPS', 'CLIENT EDUCATION', 'SAND TRAY  ART THERAPY', 'ART AND DRAMA THERAPY AND ACUPUNCTURE', 'SAMSHA EFFECTIVE ADOLESCENT TREATMENT GRANT']"
S3BQ41A,"[-2, 4, 5, 2, -3, 3, 1, -5]"
S3BQ41B,"[-2, 3, 4, 5, 2, 1, -3, -5]"
S3BQ41C,"[-2, 4, 5, 3, 2, -3, 1, -5]"
S3BQ41D,"[-2, 3, 2, 4, 5, -3, 1, -5]"
S3BQ41E,"[-2, 3, 5, 1, 4, 2, -3, -5]"
S3BQ41F,"[-2, 4, 5, -3, 3, 2, -5]"
S3BQ41G,"[-2, 4, 3, 5, 2, -3, 1, -5]"
S3BQ41H,"[-2, 4, 3, 5, -3, 2, -5]"
S3BQ41I,"[-2, 4, 3, 5, -3, 2, -5, 1]"
S3BQ41J,"[-2, 4, 5, 3, -3, 2, -5, 1]"
S3BQ41K,"[-2, 3, 4, 5, 1, 2, -3, -5]"
S3BQ41L,"[-2, 3, 4, 5, 1, 2, -3, -5]"
S3BQ41M,"[-2, 3, 4, 5, 1, 2, -3, -5]"
S3BQ41N,"[-2, 3, 4, 5, 1, 2, -3, -5]"
S3BQ41O,"[-2, 3, 4, 5, 2, 1, -3, -5]"
s3bq41tc,"[' ', '3.4', '4.4', '4.2', '3.8', '3', '5', '3.6', '2.8', '4', '4.6', '2.4', '4.8', '3.2', '2.2', '2', '2.75', '2.6', '3.5', '3.25', '3.75']"
s3bq41cbt,"[' ', '4', '3.4', '5', '4.8', '3.2', '4.4', '3.8', '3.6', '4.6', '4.2', '3', '2.6', '2.8', '4.5', '2.2']"
s3bq41step,"[' ', '3', '4', '5', '3.6', '4.2', '1', '4.8', '3.4', '2.4', '4.6', '3.8', '3.2', '2.6', '4.4', '2', '3.25', '2.8', '1.8']"
s3bq41all,"[' ', '3.46666666666667', '3.6', '4.8', '4.2', '3.73333333333333', '2.8', '4.53333333333333', '5', '4.86666666666667', '4.46666666666667', '3.86666666666667', '4.33333333333333', '4.06666666666667', '3.83333333333333', '4', '3.92857142857143', '3.93333333333333', '4.66666666666667', '3.33333333333333', '3.71428571428571', '3.8', '3.4', '4.13333333333333', '3.2', '4.73333333333333', '4.6', '4.26666666666667', '3.53333333333333', '2.86666666666667', '3.64285714285714', '3.06666666666667', '3.35714285714286', '3.26666666666667', '3.66666666666667', '3', '3.85714285714286', '4.07142857142857', '3.13333333333333', '3.90909090909091', '4.4', '3.78571428571429', '2.6', '4.81818181818182', '2.93333333333333', '4.42857142857143', '2.2', '4.5']"
S3BQ42,"[-2, 3, -3, 1, 4, 2, 5, 6]"
S3BQ43A,"[-2, 4, 5, -3, 2, 1, 3]"
S3BQ43B,"[-2, 1, 5, 4, 3, -3, 2]"
S3BQ43C,"[-2, 4, 3, 1, 2, -3, 5]"
S3BQ43D,"[-2, 1, 5, 4, 3, 2, -3, 16, 15, -5]"
S3BQ44,"[2, 1, 9, -3, -5, 3, 4, 5, 6, 7, -2]"
S3BQ45,"[2, 3, 1, 6, -3, 4, 5, -2, -5]"
S3BQ46A,"[2, 1, -5, 5, -3, 3, 4]"
S3BQ46B,"[2, 4, -5, 1, -3, 3, 5]"
S3BQ46C,"[1, 2, 4, -5, -3, 3]"
S3BQ46D,"[2, 4, -3, -5, 1, 3, 5]"
S3BQ46E,"[2, 4, -5, 1, 3, -3, 5]"
S3BQ46F,"[2, 4, 3, -5, -3, 1, 5]"
S3BQ46G,"[2, 4, -5, 3, 1, -3, 5]"
S3BQ46H,"[1, 3, 2, -5, -3, 4]"
S3BQ46I,"[1, 3, 2, -5, -3, 4]"
S3BQ46J,"[2, 3, 4, 1, -5, -2, -3]"
S3BQ46K,"[1, 4, 2, -5, 3, -3, -2]"
S3BQ46L,"[-3, 1, -5, 2, 4]"
S3BQ46LO,"['-3', '-5', ' ', 'MEDICAL REASONS', 'AMA', 'SELF ELIMINATE', 'VOLUNTARY WITHDRAWAL', 'TIME SERVED']"
S3BQ47A,"[6, 4, 5, -5, 1, -3, 2, 8, 3, -2]"
S3BQ47B,"[6, 4, 5, 3, -5, 1, 2, -3, -2]"
S3BQ47C,"[6, 5, 3, -5, 1, 2, -3, 4, -2]"
S3BQ47D,"[6, 5, 2, -5, 1, -3, 4, 3, -2, 7]"
S3BQ47E,"[1, 6, 2, 5, -5, -3, 4, 3, -2]"
S3BQ47F,"[1, 4, 3, 2, -5, -3, 5, 6, -2]"
S3BQ47G,"[1, 6, 4, 2, -5, -3, 3, 5, -2]"
S3BQ48A,"[1, 4, 5, 3, 2, -3]"
S3BQ48B,"[1, 4, 5, 2, 3, -3]"
S3BQ48C,"[1, 4, 5, 3, 2, -3, 6, -5]"
S3BQ48D,"[5, 3, 4, 1, 2, -3, -5]"
S3BQ48E,"[1, 4, 5, 2, -3, 3, 6, 13]"
S3BQ48F,"[1, 4, 5, 2, -3, 3]"
S3BQ48G,"[1, 4, 5, 2, 3, -3]"
S3BQ48H,"[1, 3, 5, -3, 4, 2]"
S3BQ48I,"[1, 2, 5, 4, -3, 3]"
S3BQ48J,"[1, 2, 3, 4, -3, 5, 12]"
S3BQ48K,"[1, 3, 5, 4, 2, -3]"
S3BQ48L,"[1, 2, 4, 3, -3, 5]"
S3BQ48M,"[1, 2, 5, 4, 3, -3]"
S3BQ48N,"[-3, 1, 5, -5, 2, 3, 4]"
S3BQ48NO,"['-3', 'ADULT PROBATION', '-5', ' ', 'JOB CORPS', 'HALF WAY HOUSING PROGRAMS', 'CURRENTLY THE P O HDLE ANY RFLS TO THE CMMITY THE TX UNIT DOES NOT DEAL WITH ANY DSCHGE PLNNG', 'PROBATION', 'ON-GOING AFTERCARE SUPPORT GROUP AT THE FACILITY']"
s3bq48cj,"['1', '4', '4.8', '5', '4.2', '2.6', '3.4', '3', ' ', '2.4', '2.2', '2.8', '1.2', '3.6', '1.8', '4.75', '3.2', '2', '4.4', '1.6', '1.4', '3.8', '2.5', '2.75', '4.5', '2.7', '1.5']"
s3bq48non,"['1', '2.57142857142857', '3.71428571428571', '4.28571428571429', '4.14285714285714', '2', ' ', '1.42857142857143', '1.28571428571429', '3.28571428571429', '3', '2.28571428571429', '2.14285714285714', '2.85714285714286', '1.85714285714286', '2.42857142857143', '1.57142857142857', '3.14285714285714', '1.71428571428571', '1.14285714285714', '2.71428571428571', '3.85714285714286', '3.57142857142857', '3.42857142857143', '4', '2.66666666666667', '4.07142857142857']"
s3bq48prg,"['1', '3.5', '5', '2.5', '3', ' ', '4', '1.5', '2', '4.5']"
s3bq48com,"['1', '2.25', '4.25', '3.75', '1.25', '2.5', ' ', '2', '1.5', '3.5', '3.25', '1.75', '2.75', '2.66666666666667', '3', '2.33333333333333', '4', '3.625']"
S3BQ49A1,"[0, -3, 1, -5]"
S3BQ49A2,"[1, -3, 0, -5]"
S3BQ49A3,"[1, -3, 0, -5]"
S3BQ49B1,"[0, -3, 1, -5, -2]"
S3BQ49B2,"[1, -3, 0, -5, -2]"
S3BQ49B3,"[0, -3, 1, -5, -2]"
S3BQ49C1,"[0, -3, 1, -5, -2]"
S3BQ49C2,"[1, -3, 0, -5, -2]"
S3BQ49C3,"[0, -3, 1, -5, -2]"
S3BQ49D1,"[0, -3, 1, -5, -2]"
S3BQ49D2,"[1, -3, 0, -5, -2]"
S3BQ49D3,"[0, -3, 1, -5, -2]"
S3BQ49E1,"[0, -3, 1, -5, -2]"
S3BQ49E2,"[0, -3, 1, -5, -2]"
S3BQ49E3,"[0, -3, 1, -5, -2]"
S3BQ49F1,"['0', '-3', '1', '-5', '-2', ' ']"
S3BQ49F2,"['0', '-3', '1', '-5', '-2', ' ']"
S3BQ49F3,"[0, -3, 1, -5, -2]"
S3BQ49G1,"[0, -3, 1, -5, -2]"
S3BQ49G2,"[1, -3, 0, -5, -2]"
S3BQ49G3,"[0, -3, 1, -5, -2]"
S3BQ49H1,"[0, -3, 1, -5, -2]"
S3BQ49H2,"[0, -3, 1, -5, -2]"
S3BQ49H3,"[0, -3, 1, -5, -2]"
S3BQ49I1,"[0, -3, 1, -5, -2]"
S3BQ49I2,"[1, -3, 0, -5, -2]"
S3BQ49I3,"[0, -3, 1, -5, -2]"
S3BQ49J1,"[0, -3, 1, -5, -2]"
S3BQ49J2,"[1, -3, 0, -5, -2]"
S3BQ49J3,"[0, -3, 1, -5, -2]"
S3BQ49K1,"[0, -3, 1, -5, -2]"
S3BQ49K2,"[1, -3, 0, -5, -2]"
S3BQ49K3,"[0, -3, 1, -5, -2]"
S3BQ49L1,"[0, -3, 1, -5, -2]"
S3BQ49L2,"[1, -3, 0, -5, -2]"
S3BQ49L3,"[0, -3, 1, -5, -2]"
missing49,"['0', '1', ' ']"
notapplicable49,"['0', ' ', '1']"
s3bq49judicial,"['0', ' ', '2', '3', '12', '6', '7', '1', '4', '5', '9', '8', '10']"
s3bq49comm,"['9', ' ', '3', '0', '7', '2', '6', '12', '11', '1', '5', '8', '4', '10']"
s3bq49commtx,"['1', ' ', '0', '3', '2', '6', '7', '4', '9', '5', '11', '12', '8']"
s3bq49all,"['10', ' ', '5', '3', '22', '2', '16', '6', '12', '13', '14', '7', '8', '1', '18', '11', '21', '23', '24', '4', '9', '17', '15', '19', '27', '20']"
s3bq49as,"['2', ' ', '0', '3', '1', '6']"
s3bq49bs,"['1', ' ', '0', '2', '3']"
s3bq49cs,"['1', ' ', '0', '2', '3']"
s3bq49ds,"['1', ' ', '0', '3', '2']"
s3bq49es,"['0', ' ', '2', '1', '3']"
s3bq49fs,"['0', ' ', '1', '2']"
s3bq49gs,"['1', ' ', '2', '0', '3']"
s3bq49hs,"['0', ' ', '1', '2']"
s3bq49is,"['1', ' ', '0', '2', '3']"
s3bq49js,"['1', ' ', '0', '2', '3']"
s3bq49ks,"['1', ' ', '0', '2', '3']"
s3bq49ls,"['1', ' ', '0', '2', '3']"
S3BQ50A1,"[10, 9, -3, 8, 4, 7, 5, 1, 3, 6, 2]"
S3BQ50A2,"[10, 8, -3, 9, 1, 4, 6, 7, 5]"
S3BQ51A,"[3, 4, -5, 5, 2, -3, 1]"
S3BQ51B,"[2, 3, -5, 5, 4, -3, 1]"
S3BQ51C,"[3, -5, 4, 5, -3, 2, 1]"
S3BQ51D,"[2, 4, 3, -5, 5, 1, -3]"
S3BQ51E,"[3, 4, -5, 5, 2, -3]"
S3BQ51F,"[3, 2, -5, 4, 5, 10, -3, 1]"
S3BQ51G,"[3, 2, -5, 5, 1, -3, 4]"
S3BQ51H,"[3, 2, -5, 1, 4, 5, -3]"
S3BQ51I,"[3, 2, -5, 5, 4, 1, -3, -2]"
S3BQ51J,"[3, 4, -5, 2, 5, 1, -3]"
S3BQ52A,"[3, 2, 1, 4, -3, 5]"
S3BQ52B,"[5, 4, 1, -3, 2, 3]"
S3BQ52C,"[4, 2, 3, 1, -3, 5]"
S3BQ52D,"[3, 2, 1, -3, 4, 5]"
S3BQ52E,"[3, 2, 1, 4, -3]"
S3BQ52F,"[4, 5, -3, 1, 2]"
S3BQ52G,"[4, 5, -3, 1, 3]"
S3BQ52H,"[3, 2, 1, -3, 4]"
S3BQ52I,"[4, 5, -3, 1, 2, 3]"
S3BQ52J,"[3, 2, 5, 1, -3, 4]"
S3BQ52K,"[3, 2, 1, -3, 5, 4]"
S3BQ52L,"[3, 2, 1, 4, -3, 5]"
s3bq52f1,"['3.125', '2', '2.125', '1.25', '1.75', '1', ' ', '1.125', '2.25', '2.375', '3.25', '2.14285714285714', '1.625', '2.875', '3.5', '2.625', '2.5', '1.375', '1.5', '3', '2.75', '1.875', '3.625', '3.75', '1.85714285714286']"
s3bq52f2,"['4.25', '5', '4.75', ' ', '2.75', '4', '4.5', '2', '3.75', '4.33333333333333', '3.5', '3.33333333333333']"
s3bq52det,"['3', '2', '1.33333333333333', '2.33333333333333', '1.66666666666667', '4', '1', ' ', '3.33333333333333', '4.66666666666667', '2.66666666666667', '3.66666666666667', '2.5']"
s3bq52in,"['3.33333333333333', '2', '2.33333333333333', '1.33333333333333', '1.66666666666667', '1', ' ', '2.66666666666667', '3', '4', '3.66666666666667']"
s3bq52ju,"['3', '2', '1.5', '1', ' ', '3.5', '2.5']"
s3bq52dr,"['3', '2', '2.5', '1.25', '1', '3.25', ' ', '1.33333333333333', '2.25', '2.75', '1.5', '3.5', '1.75', '4', '3.75']"
s3bq52cr,"['3.25', '2', '1.75', '2.25', '1.25', '1.5', '2.5', '3', '1', ' ', '2.33333333333333', '3.75', '2.75', '3.5', '3.33333333333333']"
s3bq52tr,"['3.5', '3', '3.08333333333333', '2.5', '2.75', '2.83333333333333', '2.33333333333333', ' ', '2.41666666666667', '3.16666666666667', '3.83333333333333', '2.81818181818182', '3.58333333333333', '3.75', '3.41666666666667', '2.66666666666667', '3.25', '2.58333333333333', '2.91666666666667', '3.33333333333333', '3.66666666666667', '4', '3.91666666666667', '2.25', '2.45454545454545', '2.72727272727273']"
S3BQ53A,"[5, 4, -3, 3, 2]"
S3BQ53B,"[5, 4, -3, 3, 2]"
S3BQ53C,"[2, 1, 5, 4, -3, 3]"
S3BQ53D,"[5, 3, 4, -3, 1, 2]"
S3BQ53E,"[3, 5, 4, -3, 1, 2]"
S3BQ53F,"[3, 1, 2, -3, 4, 5]"
S3BQ53G,"[3, 4, 5, 2, -3, 1]"
S3BQ53H,"[3, 5, 2, 4, -3, 1]"
S3BQ53I,"[3, 1, 2, 4, -3, 5]"
s3bq53com,"['3.77777777777778', '3.44444444444444', '5', '3.66666666666667', '4.22222222222222', '4.11111111111111', '4.77777777777778', '3.55555555555556', ' ', '4.44444444444444', '4', '4.66666666666667', '3.88888888888889', '4.55555555555556', '3.22222222222222', '3.33333333333333', '4.33333333333333', '4.88888888888889', '2.88888888888889', '3.11111111111111', '3.42857142857143', '1.77777777777778', '2.77777777777778', '3.875', '2.44444444444444', '2.22222222222222', '3', '1.88888888888889']"
S3BQ54A,"[3, 5, 4, -3, 2, 1]"
S3BQ54B,"[3, 5, 4, -3, 1, 2]"
S3BQ54C,"[3, 4, 5, -3, 1, 2]"
s3bq54val,"['3', '4.66666666666667', '4', '4.33333333333333', '3.33333333333333', '5', ' ', '3.66666666666667', '2.66666666666667', '1', '2.33333333333333', '2', '1.66666666666667']"
S3BQ55A,"[3, 2, 1, 4, -3, 5]"
S3BQ55B,"[3, 2, 1, -3, 4]"
S3BQ55C,"[2, 1, -3, 3, 4, 5]"
S3BQ55D,"[2, 1, 5, -3, 3, 4]"
S3BQ55E,"[2, 3, 1, 5, -3, 4]"
s3bq55cyn,"['2.4', '2.2', '1', '2', '2.6', '1.4', ' ', '1.8', '1.6', '2.8', '1.2', '4.2', '3', '4', '3.4', '3.6', '3.2', '1.5']"
S3BQ56A,"[3, 4, 2, -3, 5, 1, -5]"
S3BQ56B,"[3, 4, -3, 5, 2, 1, -5]"
S3BQ56C,"[3, 4, 2, 5, -3, 1, -5]"
S3BQ56D,"[3, 4, 5, 2, -3, 1, -5]"
S3BQ56E,"[3, 4, 5, 2, -3, 1, -5]"
S3BQ56F,"[2, 3, 5, 4, -3, -5, 1]"
S3BQ56G,"[3, 4, 5, -3, 2, 1, -5]"
S3BQ56H,"['2', '3', ' ', '1', '4', '5', '2.5']"
S3BQ56I,"['2', '3', ' ', '1', '4', '5', '2.5']"
S3BQ56J,"['4', '3', ' ', '2', '1', '5']"
S3BQ56K,"[3, 4, -3, 5, 2, -5, 1]"
S3BQ56L,"[3, 4, 2, 5, -3, -5, 1]"
S3BQ56M,"['3', '4', '1', '5', ' ', '2', '3.5']"
S3BQ56N,"[3, 4, 2, 5, -3, 1, -5]"
s3bq56tx,"['2.85714285714286', '3.35714285714286', '3.57142857142857', '3.64285714285714', '3.90909090909091', '2.64285714285714', '4.28571428571429', '3.78571428571429', ' ', '3.42857142857143', '4.85714285714286', '4.57142857142857', '4', '4.09090909090909', '4.5', '3.92857142857143', '3.14285714285714', '3.07142857142857', '4.71428571428571', '3.5', '2.78571428571429', '3.85714285714286', '4.07142857142857', '3.71428571428571', '4.35714285714286', '3.72727272727273', '2.07142857142857', '2.92857142857143', '3.27272727272727', '4.36363636363636', '4.14285714285714', '2.57142857142857', '4.78571428571429', '3.21428571428571', '2', '2.28571428571429', '1.42857142857143', '4.21428571428571', '5', '4.72727272727273', '4.31818181818182', '2.42857142857143', '4.18181818181818', '3.36363636363636', '2.71428571428571', '1.71428571428571', '2.35714285714286', '3.28571428571429', '3.81818181818182', '4.54545454545455']"
s3bq56qual,"['2.83333333333333', '3.33333333333333', '4', '3.66666666666667', '3.16666666666667', '4.66666666666667', '3.83333333333333', ' ', '4.33333333333333', '5', '4.83333333333333', '4.16666666666667', '3.5', '2.33333333333333', '1.66666666666667', '4.5', '2.66666666666667', '3', '2', '2.5', '1.33333333333333', '1.83333333333333', '2.16666666666667']"
s3bq56cor,"['2.66666666666667', '3', ' ', '2', '4', '4.33333333333333', '3.33333333333333', '1', '2.33333333333333', '3.66666666666667', '5', '1.66666666666667', '4.66666666666667', '1.33333333333333']"
s3bq56emp,"['3', '3.66666666666667', '4', '4.33333333333333', '1.66666666666667', '5', '3.33333333333333', ' ', '4.66666666666667', '2.66666666666667', '2', '2.33333333333333', '1.33333333333333', '4.16666666666667']"
S3BQ57A,"[2, -3, 3, 4, -5, 5, 1, -2]"
S3BQ57B,"[4, -3, 3, -5, 5, 2, -2]"
S3BQ57C,"[4, -3, 3, -5, 5, 2, 1, -2]"
S3BQ57D,"[4, -3, 3, -5, 1, 5, 2, -2]"
S3BQ57E,"['4', ' ', '3', '5', '2', '1']"
S3BQ57F,"[4, -3, 3, -5, 5, 2, 1, -2]"
S3BQ57G,"[4, -3, 3, -5, 5, 2, 1, -2]"
S3BQ57H,"[4, -3, 3, -5, 2, 5, 1, -2]"
S3BQ57I,"[4, -3, 3, -5, 2, 5, 1, -2]"
s3bq57emp,"['3', ' ', '4', '5', '3.5', '2.5', '4.5']"
s3bq57pos,"['4', ' ', '3.14285714285714', '3.28571428571429', '3.71428571428571', '2.85714285714286', '4.14285714285714', '3.85714285714286', '4.71428571428571', '4.85714285714286', '4.57142857142857', '3.42857142857143', '2.28571428571429', '3', '1.71428571428571', '4.28571428571429', '2.57142857142857', '2.71428571428571', '5', '3.57142857142857', '2.14285714285714', '3.83333333333333', '1.85714285714286']"
S3BQ58A,"['3', '4', '5', '-3', '2', '1', ' ', '-5']"
S3BQ58B,"[3, 5, 4, -3, 2, 1, -5]"
S3BQ58C,"[3, 4, 5, 2, -3, 1, -5]"
S3BQ58D,"['3', '5', '4', '2', ' ', '1', '2.5']"
S3BQ58E,"[3, 5, 4, 2, -3, 1, -5]"
s3bq58imp,"['3', '3.4', '5', '4', '3.8', '3.6', '2.6', ' ', '4.2', '3.75', '4.4', '4.8', '3.2', '2.8', '4.6', '2.4', '2.2', '1.2', '1.6', '2', '1.8', '3.1']"
S3BQ59A,"[3, -3, 4, 5, 2, -5, 1]"
S3BQ59B,"[3, -3, 4, 5, 2, -5, 1]"
S3BQ59C,"[3, 4, -3, 5, 2, -5, 1]"
S3BQ59D,"['3', '4', ' ', '2', '5', '2.5', '1']"
S3BQ59E,"[4, 3, 5, -3, 2, -5, 1]"
S3BQ59F,"[3, 5, 4, -3, 2, -5]"
S3BQ59G,"[3, 5, 4, -3, 2, -5]"
S3BQ59H,"[3, 5, 4, -3, 1, 2, -5]"
s3bq59int,"['3.125', '3.16666666666667', '4.5', '3.625', '3.375', '4.14285714285714', '4', ' ', '3.5', '5', '3.71428571428571', '4.28571428571429', '4.125', '3.5625', '3.85714285714286', '3.75', '3.875', '3.25', '2.375', '2.25', '4.875', '2.875', '4.25', '1.5', '3', '2', '2.75', '4.625', '2.125', '3.42857142857143', '4.375', '2.625', '1.875']"
S3BQ60A,"[1, 2, 5, 4, -3, 3, -5]"
S3BQ60B,"[1, 5, 2, 3, -3, 4, -5]"
S3BQ60C,"[1, 5, 2, -3, -5, 3, 4]"
S3BQ60D,"[1, 2, 5, 3, 4, -3, -5]"
S3BQ60E,"[1, 2, 5, 3, -3, 4, -5]"
S3BQ60F,"[1, 2, 5, 3, -3, 4, -5]"
S3BQ60G,"[1, 5, 2, 3, 4, -3, -5]"
S3BQ60H,"[1, 5, -3, 2, 4, 3, -5]"
s3bq60res,"['1', '1.5', '5', '2.375', '2', '1.875', '3.25', ' ', '2.75', '1.625', '1.75', '3.75', '1.25', '1.375', '2.125', '3.875', '3.125', '3.5', '2.25', '4.25', '2.5', '2.625', '3.375', '4.125', '1.125', '3.625', '4.625', '2.875', '3']"
S4Only,[' ']
Q20B_log,"['5.24702407216049', '4.28358656186063', '4.44265125649032', '3.17805383034795', '5.99146454710798', '0', '4.0943445622221', '2.83321334405622', '3.91202300542815', '5.01063529409626', '6.40025744530882', '3.40119738166216', '3.73766961828337', '6.40687998606931', ' ', '4.00733318523247', '3.2188758248682', '2.30258509299405', '5.7037824746562', '4.70048036579242', '4.60517018598809', '2.70805020110221', '3.46573590279973', '5.29831736654804', '4.38202663467388', '2.99573227355399', '3.68887945411394', '3.55534806148941', '6.50876913697168', '6.46614472423762', '6.16331480403464', '1.94591014905531', '3.29583686600433', '7.17011954344963', '6.80239476332431', '4.78749174278205', '4.77068462446567', '1.09861228866811', '1.6094379124341', '2.484906649788', '4.71849887129509', '5.54517744447956', '5.61677109766657', '1.79175946922805', '2.19722457733622', '3.58351893845611', '2.07944154167984', '4.18965474202643', '4.66343909411207', '5.54126354515843', '3.36729582998647', '5.52146091786225', '4.24849524204936', '3.80666248977032', '5.16478597392351', '3.78418963391826', '4.56434819146784', '6.62007320653036', '3.3322045101752', '5.48063892334199', '4.68213122712422', '3.13549421592915', '6.10924758276437', '4.31748811353631', '4.35670882668959', '4.969813299576', '5.41610040220442', '4.21950770517611', '5.76832099579377', '3.49650756146648', '6.25190388316589', '5.07517381523383', '6.40522845803084', '6.21460809842219', '6.26339826259162', '7.0475172213573', '4.51085950651685', '2.56494935746154', '2.89037175789616', '6.39692965521615', '6.6052979209482', '4.8283137373023', '3.25809653802148', '2.77258872223978', '1.38629436111989', '8.34283980427146', '4.4188406077966', '5.19295685089021']"
Overall_Tx_Orientation,"[9, 13, 22, 11, 16, 17, 21, 14, 6, 10, 8, 19, 1, 0, 12, 7, 24, 20, 5, 18, 15, 3, 4, 23, 2]"
Prison_Tx_Orientation,"[9, 4, 0, 5, 10, 6, 11, 12, 2, 8, 7, 1, 3]"
Community_Tx_Orientation,"[0, 9, 8, 12, 11, 10, 6, 5, 4, 7, 1, 2, 3, 13]"
Prison_CBT_Orientation,"['1', ' ']"
Community_CBT_Orientation,"[' ', '1']"
CBT_Orientation,"['1', ' ']"
Prison_Supportive_Orientation,"['1', ' ']"
Community_Supportive_Orientation,"[' ', '1']"
Supportive_Orientation,"['1', ' ']"
Prison_Counseling_Orientation,"[' ', '1']"
Community_Counseling_Orientation,"[' ', '1']"
Counseling_Orientation,"[' ', '1']"
Prison_Family_Orientation,"['1', ' ']"
Community_Family_Orientation,"[' ', '1']"
Family_Orientation,"['1', ' ']"
Prison_Confrontation,"['1', ' ']"
Community_Confrontation,"[' ', '1']"
Confrontation_Techniques,"['1', ' ']"
Q21_Tx_Modality,"[1, 2, 3]"
Q22O1,"[1, 13, 11, 14, 6, 9, 3, 8, 10, 12, 2, 7, 15, 4, 5]"
Q22O2,"[1, 10, 5, 2, 4, 7, 6, 8, 3, 9]"
Sub_Abuse_Tx_Facility,"['1', ' ']"
Program_Duration,"[1, 2, 0]"
Q24_log,"['2.19722457733622', '2.86220088092947', '2.70805020110221', '3.40119738166216', '4.78749174278205', ' ', '5.73657229747919', '3.2188758248682', '6.16331480403464', '2.99573227355399', '2.30258509299405', '2.94443897916644', '3.68887945411394', '4.24849524204936', '2.484906649788', '4.49980967033027', '3.49650756146648', '1.94591014905531', '5.19295685089021', '3.55534806148941', '2.63905732961526', '3.80666248977032', '3.91202300542815', '3.58351893845611', '2.56494935746154', '3.66356164612965', '4.38202663467388', '1.79175946922805', '2.07944154167984', '2.89037175789616', '5.01063529409626', '3.09104245335832', '3.17805383034795', '2.39789527279837', '3.13549421592915', '3.46573590279973', '0', '4.56434819146784', '4.17438726989564', '1.6094379124341', '3.3322045101752', '6.90775527898214', '9.31739944426959', '4.14313472639153', '2.83321334405622', '2.77258872223978', '1.38629436111989', '4.0943445622221', '3.25809653802148', '4.21950770517611', '5.29831736654804', '4.31748811353631', '1.70474809223843']"
Specialized_Tx_Facility,"[1, 2]"
Dev_app,"[' ', '1']"
Qualified_Staff,"[' ', '1']"
OwnAssess,"[0, 1]"
ASI,"[0, 1]"
ADS,"[0, 1]"
DAST,"[0, 1]"
MAST,"[0, 1]"
SASSI,"[0, 1]"
TCU,"['0', '1', ' ']"
SATx_total,"[0, 1]"
LSIR,"[0, 1]"
WRN,"[0, 1]"
Risk_total,"[0, 1]"
BDI,"[0, 1]"
SCID,"[0, 1]"
DIS,"[0, 1]"
SCLR,"[0, 1]"
MH_total,"[0, 1]"
FAMILY,"[0, 1]"
Family_total,"[0, 1]"
Indiv_Tx,"[' ', '2', '0', '1']"
Q35BRecode,"[1, 2, 4, 66, 54, 30, 27, 19, 36, 80, 16, 89, 71, 61, 67, 15, 34, 64, 23, 60, 74, 99, 82, 87, 17, 73, 53, 86, 92, 39, 95, 90, 58, 13, 26, 48, 62, 33, 49, 83, 12, 10, 88, 100, 50, 81, 41, 14, 43, 40, 11, 63, 55, 101, 32, 93, 46, 25, 18, 69, 47, 44, 31, 20, 29, 85, 21, 96, 37, 9, 77, 79, 57, 68, 91, 51, 97, 24, 6, 65, 56, 98, 45, 76, 84, 78, 75, 7, 70, 38, 59, 5, 28, 72, 8, 3, 52, 42, 22, 94, 35]"
Manualized_Curriculum,"[' ', '0', '1']"
Quality_Protocol,"[' ', '1']"
Agency_Planning,"[' ', '1']"
Support_Network_Planning,"[' ', '1']"
TxAgency_Planning,"[' ', '1']"
Offender_Planning,"[' ', '1']"
Testing_in_Program,"[' ', '1']"
Range_of_Services,"[3, 5, 7, 6, 0, 4, 9, 2, 1, 8, 10]"
Medical_Orientation,"[' ', '1']"
MH_Orientation,"[' ', '1']"
Case_Mgt_Orientation,"['1', ' ']"
Comprehensive_Services,"[' ', '1']"
Family_Involvement,"['1', ' ']"
Family_Considered_in_Tx,"['1', ' ']"
Co_occurring_Tx,"[' ', '1']"
Number_Program_Orientations,"[0, 8, 9, 11, 10, 13, 6, 7, 5, 3, 4, 12, 2, 14]"
CBT_Prog,"[' ', '1']"
Supportive_Prog,"[' ', '1']"
Indiv_Prog,"[' ', '1']"
Family_Prog,"[' ', '1']"
Confront_Prog,"[' ', '1']"
MI_Eng,"[' ', '1']"
Role_Play,"[' ', '1']"
EBP_Use_Social_Learning,"[' ', '0', '1']"
Quality_Tx_Session,"[' ', '1']"
Quality_Tx_Indiv,"[' ', '1']"
Quality_12Step,"[' ', '1']"
Quality_Small_Session,"[' ', '1']"
CJ_Interference,"[' ', '1']"
Drop_Out,"[' ', '1']"
Drop_Out_Offender,"[' ', '1']"
Drop_Out_CJ,"[' ', '1']"
Drop_Out_Tx,"[' ', '1']"
Drop_Out_Other,"[' ', '1']"
Q47A_percentages,"['0', '.75', '1', ' ', '.25', '.5']"
Q47B_percentages,"['0', '.75', '1', '.5', ' ', '.25']"
Q47C_percentages,"['0', '1', '.5', ' ', '.25', '.75']"
Q47D_percentages,"['0', '1', '.25', ' ', '.75', '.5']"
Q47E_percentages,"['0', '.25', '1', ' ', '.75', '.5']"
Q47F_percentages,"['0', '.75', '.5', '.25', ' ', '1']"
Q47G_percentages,"['0', '.75', '.25', ' ', '.5', '1']"
Q47_Tx_in_comm,"[0.0, 0.1875, 0.9375, 1.0, 0.5, 0.375, 0.3125, 0.8125, 0.5625, 0.0625, 0.625, 0.25, 0.875, 0.125, 0.6875, 0.75, 0.666666666666667, 0.4375, 0.583333333333333, 0.0833333333333333]"
Q47_other_in_comm,"[0.0, 0.25, 0.5, 0.833333333333333, 0.333333333333333, 0.416666666666667, 0.0833333333333333, 1.0, 0.583333333333333, 0.666666666666667, 0.166666666666667, 0.75, 0.916666666666667]"
Q47A_G,"[7, 0, 6, 1, 2, 5, 4, 3]"
Q47_total_in_comm,"[0.0, 0.214285714285714, 0.75, 0.928571428571429, 0.392857142857143, 0.142857142857143, 0.5, 1.0, 0.357142857142857, 0.0714285714285714, 0.25, 0.464285714285714, 0.821428571428571, 0.642857142857143, 0.321428571428571, 0.571428571428571, 0.285714285714286, 0.535714285714286, 0.107142857142857, 0.178571428571429, 0.785714285714286, 0.857142857142857, 0.541666666666667, 0.428571428571429, 0.607142857142857, 0.714285714285714, 0.678571428571429, 0.875, 0.6, 0.3125, 0.583333333333333, 0.0625, 0.0833333333333333, 0.892857142857143, 0.333333333333333, 0.0357142857142857]"
Cont_Care,"[' ', '1']"
Assess_Tx_Outcomes,"[' ', '1']"
Org_Type_3cat,"['1', '3', '2', ' ']"
Org_Type_4cat,"['1', '3', '2', '4', ' ']"
Service_CJcontract,"[' ', '1']"
Sub_Abuse_Tx_Facility_2,"[' ', '1']"
Q27_Total_FTE,"[' ', '6', '3.7', '9', '26', '8.2', '3', '8', '15', '1', '80', '35', '2', '37', '10.5', '12', '42', '15.5', '4', '20', '28', '100', '36', '1.75', '11', '21', '3.5', '23', '33', '32', '17', '14', '2.5', '5', '40', '109', '1.6', '5.3', '17.5', '51', '1.2', '25', '13', '10', '18', '7', '4.5', '59', '38', '19', '5.5', '8.15', '16', '45', '24', '27', '46', '125', '200', '185', '49', '14.5']"
Q31satx,"[0.0, 4.5, 5.0, 3.5, 4.0, 1.5, 3.0, 2.0, 2.5, 1.0]"
Q31ed,"[0.0, 3.5, 4.0, 5.0, 1.5, 2.5, 1.0, 2.0, 4.5, 3.0]"
Q32_Training_Needs,"[0.0, 3.33333333333333, 3.125, 2.44444444444444, 2.33333333333333, 1.5, 3.0, 3.44444444444444, 1.0, 1.66666666666667, 1.25, 2.25, 1.33333333333333, 2.22222222222222, 2.88888888888889, 1.875, 1.55555555555556, 1.88888888888889, 3.11111111111111, 3.88888888888889, 3.22222222222222, 2.55555555555556, 1.77777777777778, 2.77777777777778, 4.0, 2.66666666666667, 4.55555555555556, 2.11111111111111, 2.0, 3.66666666666667, 2.42857142857143, 3.55555555555556, 4.44444444444444, 2.125, 3.875, 1.22222222222222, 2.75, 2.625, 2.5]"
recode_S3BQ8_3,[' ']
recode_S3BQ8_4,[' ']
recode_S3BQ8_5,[' ']
recode_S3BQ8_1,[' ']
recode_S3BQ11_3,[' ']
recode_S3BQ11_6,[' ']
recode_S3BQ11_4,[' ']
recode_S3BQ7,"[1, 2, 3, -3]"
recode_S3BQ10,"[2, 1, 4, 3, -3]"
